brand,zone,model,hostname,clock timezone ,snmp-server com.*,service timestamps debug datetime msec localtime show-timezone,service timestamps log datetime msec localtime show-timezone,ntp server ,ntp source ,no service tcp-small-server,no service udp-small-server,no ip finger,no ip source-route,no ip bootp server,no ip domain-lookup,no ip http server,no ip http secure-server,no service config,ip dhcp bootp ignore,no service dhcp,vtp mode transparent,spanning-tree mode rapid-pvst,ip default-gateway,service password-encryption,access-list 13 ,snmp-server group ,snmp-server user  ,snmp-server source-interface ,logging server ,ip domain-name kcs.co.th,ip ssh time-out 60,ip ssh authentication-retries 3,banner motd 
Cisco IOS,Fabric,C9200L-24T-4X,hostname,clock timezone ,snmp-server com.*,service timestamps debug datetime msec localtime show-timezone,service timestamps log datetime msec localtime show-timezone,ntp server ,ntp source ,no service tcp-small-server,no service udp-small-server,no ip finger,no ip source-route,no ip bootp server,no ip domain-lookup,no ip http server,no ip http secure-server,no service config,ip dhcp bootp ignore,no service dhcp,vtp mode transparent,spanning-tree mode rapid-pvst,ip default-gateway,service password-encryption,access-list 13 ,snmp-server group ,snmp-server user  ,snmp-server source-interface ,logging server ,ip domain-name kcs.co.th,ip ssh time-out 60,ip ssh authentication-retries 3,banner motd 
Cisco IOS,Fabric,C9200L-48T-4X,hostname,clock timezone ,snmp-server com.*,service timestamps debug datetime msec localtime show-timezone,service timestamps log datetime msec localtime show-timezone,ntp server ,ntp source ,no service tcp-small-server,no service udp-small-server,no ip finger,no ip source-route,no ip bootp server,no ip domain-lookup,no ip http server,no ip http secure-server,no service config,ip dhcp bootp ignore,no service dhcp,vtp mode transparent,spanning-tree mode rapid-pvst,ip default-gateway,service password-encryption,access-list 13 ,snmp-server group ,snmp-server user  ,snmp-server source-interface ,logging server ,ip domain-name kcs.co.th,ip ssh time-out 60,ip ssh authentication-retries 3,banner motd 
Cisco IOS,Fabric,C9200L-48T-4X,hostname,clock timezone ,snmp-server com.*,service timestamps debug datetime msec localtime show-timezone,service timestamps log datetime msec localtime show-timezone,ntp server ,ntp source ,no service tcp-small-server,no service udp-small-server,no ip finger,no ip source-route,no ip bootp server,no ip domain-lookup,no ip http server,no ip http secure-server,no service config,ip dhcp bootp ignore,no service dhcp,vtp mode transparent,spanning-tree mode rapid-pvst,ip default-gateway,service password-encryption,access-list 13 ,snmp-server group ,snmp-server user  ,snmp-server source-interface ,logging server ,ip domain-name kcs.co.th,ip ssh time-out 60,ip ssh authentication-retries 3,banner motd 
Cisco IOS,Fabric,C9200L-48PXG-4X,hostname,clock timezone ,snmp-server com.*,service timestamps debug datetime msec localtime show-timezone,service timestamps log datetime msec localtime show-timezone,ntp server ,ntp source ,no service tcp-small-server,no service udp-small-server,no ip finger,no ip source-route,no ip bootp server,no ip domain-lookup,no ip http server,no ip http secure-server,no service config,ip dhcp bootp ignore,no service dhcp,vtp mode transparent,spanning-tree mode rapid-pvst,ip default-gateway,service password-encryption,access-list 13 ,snmp-server group ,snmp-server user  ,snmp-server source-interface ,logging server ,ip domain-name kcs.co.th,ip ssh time-out 60,ip ssh authentication-retries 3,banner motd 
Cisco IOS,Fabric,C9300-24T,hostname,clock timezone ,snmp-server com.*,service timestamps debug datetime msec localtime show-timezone,service timestamps log datetime msec localtime show-timezone,ntp server ,ntp source ,no service tcp-small-server,no service udp-small-server,no ip finger,no ip source-route,no ip bootp server,no ip domain-lookup,no ip http server,no ip http secure-server,no service config,ip dhcp bootp ignore,no service dhcp,vtp mode transparent,spanning-tree mode rapid-pvst,ip default-gateway,service password-encryption,access-list 13 ,snmp-server group ,snmp-server user  ,snmp-server source-interface ,logging server ,ip domain-name kcs.co.th,ip ssh time-out 60,ip ssh authentication-retries 3,banner motd 
Cisco IOS,Fabric,C9800-L-C-K9,hostname,clock timezone ,snmp-server com.*,service timestamps debug datetime msec localtime show-timezone,service timestamps log datetime msec localtime show-timezone,ntp server ,ntp source ,no service tcp-small-server,no service udp-small-server,no ip finger,no ip source-route,no ip bootp server,no ip domain-lookup,no ip http server,no ip http secure-server,no service config,ip dhcp bootp ignore,no service dhcp,vtp mode transparent,spanning-tree mode rapid-pvst,ip default-gateway,service password-encryption,access-list 13 ,snmp-server group ,snmp-server user  ,snmp-server source-interface ,logging server ,ip domain-name kcs.co.th,ip ssh time-out 60,ip ssh authentication-retries 3,banner motd 
Cisco IOS,Fabric,C9300-48P,hostname,clock timezone ,snmp-server com.*,service timestamps debug datetime msec localtime show-timezone,service timestamps log datetime msec localtime show-timezone,ntp server ,ntp source ,no service tcp-small-server,no service udp-small-server,no ip finger,no ip source-route,no ip bootp server,no ip domain-lookup,no ip http server,no ip http secure-server,no service config,ip dhcp bootp ignore,no service dhcp,vtp mode transparent,spanning-tree mode rapid-pvst,ip default-gateway,service password-encryption,access-list 13 ,snmp-server group ,snmp-server user  ,snmp-server source-interface ,logging server ,ip domain-name kcs.co.th,ip ssh time-out 60,ip ssh authentication-retries 3,banner motd 
Cisco IOS,Fabric,C9500-24Y4C,hostname,clock timezone ,snmp-server com.*,service timestamps debug datetime msec localtime show-timezone,service timestamps log datetime msec localtime show-timezone,ntp server ,ntp source ,no service tcp-small-server,no service udp-small-server,no ip finger,no ip source-route,no ip bootp server,no ip domain-lookup,no ip http server,no ip http secure-server,no service config,ip dhcp bootp ignore,no service dhcp,vtp mode transparent,spanning-tree mode rapid-pvst,ip default-gateway,service password-encryption,access-list 13 ,snmp-server group ,snmp-server user  ,snmp-server source-interface ,logging server ,ip domain-name kcs.co.th,ip ssh time-out 60,ip ssh authentication-retries 3,banner motd 
Cisco IOS,Fabric,C9800-L-F-K9,hostname,clock timezone ,snmp-server com.*,service timestamps debug datetime msec localtime show-timezone,service timestamps log datetime msec localtime show-timezone,ntp server ,ntp source ,no service tcp-small-server,no service udp-small-server,no ip finger,no ip source-route,no ip bootp server,no ip domain-lookup,no ip http server,no ip http secure-server,no service config,ip dhcp bootp ignore,no service dhcp,vtp mode transparent,spanning-tree mode rapid-pvst,ip default-gateway,service password-encryption,access-list 13 ,snmp-server group ,snmp-server user  ,snmp-server source-interface ,logging server ,ip domain-name kcs.co.th,ip ssh time-out 60,ip ssh authentication-retries 3,banner motd 
Cisco IOS,Fabric,C9300-24P,hostname,clock timezone ,snmp-server com.*,service timestamps debug datetime msec localtime show-timezone,service timestamps log datetime msec localtime show-timezone,ntp server ,ntp source ,no service tcp-small-server,no service udp-small-server,no ip finger,no ip source-route,no ip bootp server,no ip domain-lookup,no ip http server,no ip http secure-server,no service config,ip dhcp bootp ignore,no service dhcp,vtp mode transparent,spanning-tree mode rapid-pvst,ip default-gateway,service password-encryption,access-list 13 ,snmp-server group ,snmp-server user  ,snmp-server source-interface ,logging server ,ip domain-name kcs.co.th,ip ssh time-out 60,ip ssh authentication-retries 3,banner motd 
Cisco IOS,Fabric,C9300-48T,hostname,clock timezone ,snmp-server com.*,service timestamps debug datetime msec localtime show-timezone,service timestamps log datetime msec localtime show-timezone,ntp server ,ntp source ,no service tcp-small-server,no service udp-small-server,no ip finger,no ip source-route,no ip bootp server,no ip domain-lookup,no ip http server,no ip http secure-server,no service config,ip dhcp bootp ignore,no service dhcp,vtp mode transparent,spanning-tree mode rapid-pvst,ip default-gateway,service password-encryption,access-list 13 ,snmp-server group ,snmp-server user  ,snmp-server source-interface ,logging server ,ip domain-name kcs.co.th,ip ssh time-out 60,ip ssh authentication-retries 3,banner motd 
Cisco IOS,Fabric,C9500-48Y4C,hostname,clock timezone ,snmp-server com.*,service timestamps debug datetime msec localtime show-timezone,service timestamps log datetime msec localtime show-timezone,ntp server ,ntp source ,no service tcp-small-server,no service udp-small-server,no ip finger,no ip source-route,no ip bootp server,no ip domain-lookup,no ip http server,no ip http secure-server,no service config,ip dhcp bootp ignore,no service dhcp,vtp mode transparent,spanning-tree mode rapid-pvst,ip default-gateway,service password-encryption,access-list 13 ,snmp-server group ,snmp-server user  ,snmp-server source-interface ,logging server ,ip domain-name kcs.co.th,ip ssh time-out 60,ip ssh authentication-retries 3,banner motd 
Cisco IOS,Fabric,C9200L-48P-4X,hostname,clock timezone ,snmp-server com.*,service timestamps debug datetime msec localtime show-timezone,service timestamps log datetime msec localtime show-timezone,ntp server ,ntp source ,no service tcp-small-server,no service udp-small-server,no ip finger,no ip source-route,no ip bootp server,no ip domain-lookup,no ip http server,no ip http secure-server,no service config,ip dhcp bootp ignore,no service dhcp,vtp mode transparent,spanning-tree mode rapid-pvst,ip default-gateway,service password-encryption,access-list 13 ,snmp-server group ,snmp-server user  ,snmp-server source-interface ,logging server ,ip domain-name kcs.co.th,ip ssh time-out 60,ip ssh authentication-retries 3,banner motd 
Cisco IOS,Fabric,C9200L-48T-4G,hostname,clock timezone ,snmp-server com.*,service timestamps debug datetime msec localtime show-timezone,service timestamps log datetime msec localtime show-timezone,ntp server ,ntp source ,no service tcp-small-server,no service udp-small-server,no ip finger,no ip source-route,no ip bootp server,no ip domain-lookup,no ip http server,no ip http secure-server,no service config,ip dhcp bootp ignore,no service dhcp,vtp mode transparent,spanning-tree mode rapid-pvst,ip default-gateway,service password-encryption,access-list 13 ,snmp-server group ,snmp-server user  ,snmp-server source-interface ,logging server ,ip domain-name kcs.co.th,ip ssh time-out 60,ip ssh authentication-retries 3,banner motd 
Cisco IOS,Fabric,C9800-CL-K9,hostname,clock timezone ,snmp-server com.*,service timestamps debug datetime msec localtime show-timezone,service timestamps log datetime msec localtime show-timezone,ntp server ,ntp source ,no service tcp-small-server,no service udp-small-server,no ip finger,no ip source-route,no ip bootp server,no ip domain-lookup,no ip http server,no ip http secure-server,no service config,ip dhcp bootp ignore,no service dhcp,vtp mode transparent,spanning-tree mode rapid-pvst,ip default-gateway,service password-encryption,access-list 13 ,snmp-server group ,snmp-server user  ,snmp-server source-interface ,logging server ,ip domain-name kcs.co.th,ip ssh time-out 60,ip ssh authentication-retries 3,banner motd 
