Command,Device Type,Type
show running,cisco_ios,
show version,cisco_ios,
show inventory,cisco_ios,
show cdp nei,cisco_ios,
show ip interface brief,cisco_ios,
show interface status,cisco_ios,
show cdp ne,cisco_ios,
show cdp ne de,cisco_ios,
show ip arp,cisco_ios,
show ip route,cisco_ios,
show mac address-table,cisco_ios,
show switch,cisco_ios,
show etherchannel summary ,cisco_ios,
show lisp site,cisco_ios,
show lisp session,cisco_ios,
show isis nei,cisco_ios,
show ip bgp ipv4 unicast summary,cisco_ios,
show ip bgp vpnv4 all summary,cisco_ios,
show ip arp vrf VN_KTB_WIRED,cisco_ios,
show ip arp vrf VN_KTB_WLAN,cisco_ios,
show ip arp vrf VN_OUTSOURCE,cisco_ios,
show ip arp vrf VN_CCTV_Branch,cisco_ios,
show ip arp vrf VN_STUDENT_LOAN,cisco_ios,
show logging,cisco_ios,
